season,season_type,week,player_display_name,player_position,team_abbr,avg_cushion,avg_separation,avg_intended_air_yards,percent_share_of_intended_air_yards,receptions,targets,catch_percentage,yards,rec_touchdowns,avg_yac,avg_expected_yac,avg_yac_above_expectation,player_gsis_id,player_first_name,player_last_name,player_jersey_number,player_short_name
2022,REG,0,Romeo Doubs,WR,GB,9.424285714285714,4.728714225833533,5.381249999999999,13.237193284545842,6,8,75,64,0,6.2216666666666685,5.869952772385346,0.35171389428132205,00-0037816,Romeo,Doubs,87,R.Doubs
2022,REG,0,Brevin Jordan,TE,HOU,9.314000000000002,6.237506628961364,6.408333333333335,6.8084428232460965,3,6,50,8,0,1.8066666666666649,2.5214937862073534,-0.7148271195406886,00-0036556,Brevin,Jordan,9,B.Jordan
2022,REG,0,Olamide Zaccheaus,WR,ATL,9.181999999999999,4.098880977201021,8.813333333333333,11.266165285382534,6,6,100,70,1,2.6550000000000007,4.365874926467685,-1.710874926467684,00-0035208,Olamide,Zaccheaus,17,O.Zaccheaus
2022,REG,0,Equanimeous St. Brown,WR,CHI,8.74,2.4011584167717026,12.892857142857142,31.816258901501804,3,7,42.857142857142854,57,1,5.1166666666666645,3.8654456550784744,1.25122101158819,00-0034279,Equanimeous,St. Brown,19,E.St. Brown
2022,REG,0,Noah Fant,TE,SEA,8.57,3.888475419793504,3.613333333333333,7.103538663171688,5,6,83.33333333333334,27,0,4.048000000000001,2.128861958767152,1.919138041232849,00-0035644,Noah,Fant,87,N.Fant
2022,REG,0,Drake London,WR,ATL,8.529473684210526,3.7930294489343295,9.337894736842104,37.79960372414087,13,19,68.42105263157895,160,1,4.503846153846156,3.233487628487372,1.2703585253587835,00-0037238,Drake,London,5,D.London
2022,REG,0,Tyler Lockett,WR,SEA,8.430666666666665,5.275750363015714,9.816666666666668,48.24705111402359,12,15,80,135,0,2.280833333333332,3.3942293767374103,-1.1133960434040784,00-0032211,Tyler,Lockett,16,T.Lockett
2022,REG,0,Christian Watson,WR,GB,8.303999999999998,4.262747634070279,7.672857142857144,16.51497447881434,5,7,71.42857142857143,43,0,7.581999999999999,5.79300918033307,1.788990819666929,00-0038124,Christian,Watson,9,C.Watson
2022,REG,0,DeAndre Carter,WR,LAC,8.214285714285714,2.8282653989519653,15.044285714285715,22.078493857184796,6,7,85.71428571428571,119,1,5.251666666666666,5.010556907089874,0.24110975957679237,00-0031763,DeAndre,Carter,1,D.Carter
2022,REG,0,DK Metcalf,WR,SEA,8.212727272727273,2.5808580117394437,6.6353846153846145,28.263433813892526,11,13,84.61538461538461,71,0,0.4163636363636369,1.367180670697767,-0.95081703433413,00-0035640,DeKaylin,Metcalf,14,D.Metcalf
2022,REG,0,KhaDarel Hodge,WR,ATL,8.076666666666666,2.31963213024206,9.821666666666665,12.55512708524192,5,6,83.33333333333334,95,0,8.416,5.15598332546042,3.26001667453958,00-0034854,KhaDarel Lott,Hodge,12,K.Hodge
2022,REG,0,K.J. Osborn,WR,MIN,8.046666666666667,3.8314429265490912,6.348333333333334,8.820600699349281,5,6,83.33333333333334,39,0,3.9519999999999973,3.277084176362132,0.6749158236378654,00-0036345,K.J.,Osborn,17,K.Osborn
2022,REG,0,Marquez Valdes-Scantling,WR,KC,8.040909090909091,2.8645005651879214,8.651818181818184,17.27568117046961,6,11,54.54545454545454,57,0,3.9216666666666664,4.377025062464771,-0.45535839579810444,00-0034272,Marquez,Valdes-Scantling,11,M.Valdes-Scantling
2022,REG,0,Ben Skowronek,WR,LAR,8.025714285714285,4.055710426918458,9.275555555555558,16.611613005929875,6,9,66.66666666666666,41,0,3.6333333333333315,4.167137586315334,-0.5338042529820028,00-0036862,Ben,Skowronek,18,B.Skowronek
2022,REG,0,Chris Olave,WR,NO,7.911250000000001,2.0036133237939175,21.599375000000002,43.180937863131454,8,16,50,121,0,1.3075,3.869055277790662,-2.561555277790662,00-0037239,Chris,Olave,12,C.Olave
2022,REG,0,Isaiah McKenzie,WR,BUF,7.821666666666666,3.323031589667428,8.358333333333333,9.220275413211745,4,6,66.66666666666666,56,1,2.1550000000000002,3.287657103050151,-1.1326571030501507,00-0033466,Isaiah,McKenzie,6,I.McKenzie
2022,REG,0,Mack Hollins,WR,LV,7.818888888888888,3.2407768787944153,8.194444444444443,12.759074080481641,6,9,66.66666666666666,82,0,3.256666666666668,3.6630703151746595,-0.4064036485079914,00-0033555,Mack,Hollins,10,M.Hollins
2022,REG,0,T.J. Hockenson,TE,DET,7.793846153846155,2.6401883116548754,6.407142857142856,15.054124360157752,7,14,50,64,0,4.4700000000000015,4.004060171872028,0.46593982812797385,00-0035229,Thomas,Hockenson,88,T.Hockenson
2022,REG,0,Russell Gage,WR,TB,7.78875,4.676363206481491,2.1525,2.9665615794097877,7,8,87.5,41,0,3.578571428571429,4.848436712375354,-1.2698652838039246,00-0034411,Russell,Gage,17,R.Gage
2022,REG,0,Brandin Cooks,WR,HOU,7.785909090909092,2.6103974191317345,9.375,36.52123100895987,11,22,50,136,0,4.012727272727273,5.091055479178585,-1.078328206451312,00-0031236,Brandin,Cooks,13,B.Cooks
2022,REG,0,Austin Hooper,TE,TEN,7.7575,2.598119787080938,9.31333333333333,11.619637770060923,2,6,33.33333333333333,25,0,2.345000000000006,4.346966944680162,-2.001966944680156,00-0032392,Austin,Hooper,81,A.Hooper
2022,REG,0,DeVonta Smith,WR,PHI,7.7333333333333325,3.307344401098345,8.193636363636365,21.97220867869332,7,11,63.63636363636363,80,0,3.09,2.2865358788451107,0.8034641211548892,00-0036912,DeVonta,Smith,6,D.Smith
2022,REG,0,Kylen Granson,TE,IND,7.566,4.827599113777752,4.158888888888889,6.0545769236990665,5,9,55.55555555555556,36,0,4.8199999999999985,5.505597297288586,-0.6855972972885871,00-0036876,Kylen,Granson,83,K.Granson
2022,REG,0,Zay Jones,WR,JAX,7.5183333333333335,2.0878297675279645,8.911538461538461,19.868287914387146,9,13,69.23076923076923,88,0,3.824444444444447,3.589402882529893,0.23504156191455428,00-0033891,Isaiah,Jones,7,Z.Jones
2022,REG,0,Gabe Davis,WR,BUF,7.51,3.406133943199213,16.137999999999998,14.835174937030024,4,5,80,88,1,5.005000000000002,4.21484177963201,0.7901582203679913,00-0036196,Gabriel,Davis,13,G.Davis
2022,REG,0,Devin Duvernay,WR,BAL,7.496,2.1183820628986503,14.443333333333335,12.770786053228802,6,6,100,96,2,2.4416666666666664,3.15896950768456,-0.7173028410178937,00-0036331,Devin,Duvernay,13,D.Duvernay
2022,REG,0,Adam Thielen,WR,MIN,7.467999999999999,1.8982864715926817,10.042727272727273,25.581826181599236,7,11,63.63636363636363,88,0,1.6742857142857142,2.32976193656242,-0.6554762222767059,00-0030035,Adam,Thielen,19,A.Thielen
2022,REG,0,Robert Tonyan,TE,GB,7.375,4.614245982394601,3.482857142857145,7.4964639321075,5,7,71.42857142857143,47,0,7.937999999999998,8.016162058468286,-0.07816205846828783,00-0033757,Robert,Tonyan,85,R.Tonyan
2022,REG,0,Kyle Philips,WR,TEN,7.348000000000001,2.9102799759289617,7.053,14.665945811066521,7,10,70,71,0,2.607142857142857,4.212683040748358,-1.6055401836055005,00-0037273,Kyle,Philips,18,K.Philips
2022,REG,0,Parris Campbell,WR,IND,7.303999999999999,3.8308087393605716,6.525000000000001,6.332799534138886,3,6,50,37,0,9.58,8.452520713929212,1.1274792860707876,00-0035639,Parris,Campbell,1,P.Campbell
2022,REG,0,Richie James,WR,NYG,7.269,2.746739418326785,9.720833333333331,34.95969071238049,10,12,83.33333333333334,110,0,2.3430000000000013,3.632604942433886,-1.289604942433885,00-0034286,Richard,James,80,R.James
2022,REG,0,Justin Jefferson,WR,MIN,7.242105263157893,3.1758862398152847,9.954782608695652,53.020864692124206,15,23,65.21739130434783,232,2,6.957333333333333,7.208540378053282,-0.2512070447199495,00-0036322,Justin,Jefferson,18,J.Jefferson
2022,REG,0,Tyler Boyd,WR,CIN,7.22,1.9013902009744479,11.106666666666666,16.48580004617871,6,9,66.66666666666666,50,1,0.5716666666666667,1.0554379719820612,-0.4837713053153946,00-0033009,Tyler,Boyd,83,T.Boyd
2022,REG,0,Noah Gray,TE,KC,7.169999999999999,2.6275033778528263,5.8100000000000005,5.273285047831693,3,5,60,22,0,2.953333333333333,2.632001592911365,0.321331740421968,00-0036637,Noah,Gray,83,N.Gray
2022,REG,0,Dalton Schultz,TE,DAL,7.153636363636363,2.552686124937388,4.500000000000001,10.647204426324986,9,13,69.23076923076923,80,0,2.7144444444444438,3.0766216517115104,-0.3621772072670666,00-0034383,Dalton,Schultz,86,D.Schultz
2022,REG,0,Michael Pittman,WR,IND,7.090769230769231,3.4911485943990472,8.332307692307692,17.521554164442502,9,13,69.23076923076923,121,1,5.113333333333333,5.569468749851037,-0.4561354165177036,00-0036252,Michael,Pittman,11,M.Pittman
2022,REG,0,Kyle Pitts,TE,ATL,7.086666666666666,2.111976266588807,11.013999999999998,23.465496303555827,4,10,40,38,0,2.5474999999999994,3.602538412890482,-1.0550384128904824,00-0036970,Kyle,Pitts,8,K.Pitts
2022,REG,0,Jamison Crowder,WR,BUF,7.048333333333335,3.828502366571207,6.198333333333331,6.837528267544261,4,6,66.66666666666666,44,0,6.2500000000000036,5.79749186090595,0.4525081390940535,00-0031941,Jamison,Crowder,80,J.Crowder
2022,REG,0,Mecole Hardman,WR,KC,7.047999999999999,2.434271603892893,12.834999999999999,23.298662164860502,6,10,60,65,1,3.3250000000000015,1.6418574943896023,1.6831425056103992,00-0035140,Mecole,Hardman,17,M.Hardman
2022,REG,0,Jauan Jennings,WR,SF,6.97375,3.7455149681055437,7.715000000000002,16.68017944975948,5,8,62.5,66,0,4.705999999999998,4.374892960550642,0.33110703944935604,00-0036259,Bennie,Jennings,15,J.Jennings
2022,REG,0,Mike Gesicki,TE,MIA,6.942500000000001,2.882284033324965,7.613999999999999,6.059014514896868,5,5,100,42,1,2.5280000000000014,3.185414010069576,-0.6574140100695747,00-0034829,Michael,Gesicki,88,M.Gesicki
2022,REG,0,Jerry Jeudy,WR,DEN,6.910000000000001,3.5423738966555876,11.334999999999999,20.048817588481874,5,10,50,113,1,16.054000000000002,7.795004552954879,8.258995447045123,00-0036407,Jerry,Jeudy,10,J.Jeudy
2022,REG,0,D.J. Chark,WR,DET,6.860833333333333,1.7288144312948754,17.7425,35.7321473525216,4,12,33.33333333333333,52,1,3.897500000000001,2.124159226188226,1.7733407738117748,00-0034777,Darrell,Chark,4,D.Chark
2022,REG,0,Tyreek Hill,WR,MIA,6.8199999999999985,3.9819827575896833,9.8356,39.134517443340975,19,25,76,284,2,6.124736842105265,4.962809771613277,1.1619270704919877,00-0033040,Tyreek,Hill,10,T.Hill
2022,REG,0,D.J. Moore,WR,CAR,6.805,2.3423772449000837,10.970833333333333,34.35991126190786,6,12,50,90,1,3.778333333333333,4.242440839780026,-0.4641075064466933,00-0034827,Denniston,Moore,2,D.Moore
2022,REG,0,Brandon Aiyuk,WR,SF,6.791818181818181,2.559313268636217,11.656363636363634,34.65218096319117,7,11,63.63636363636363,103,0,6.052857142857145,7.470251575826377,-1.4173944329692318,00-0036261,Brandon,Aiyuk,11,B.Aiyuk
2022,REG,0,Cameron Brate,TE,TB,6.779999999999999,2.635737672687931,6.901999999999998,5.945182352231809,2,5,40,16,0,3.3700000000000045,0.9492400164876926,2.420759983512312,00-0031273,Cameron,Brate,84,C.Brate
2022,REG,0,Curtis Samuel,WR,WAS,6.75235294117647,4.504757297548691,3.5985,9.990560537494101,15,20,75,133,2,5.821333333333333,5.429355257054022,0.3919780762793108,00-0033282,Curtis,Samuel,10,C.Samuel
2022,REG,0,Robby Anderson,WR,CAR,6.738461538461538,3.5144608946282148,9.169230769230769,31.11053112358083,8,13,61.53846153846154,134,1,7.267499999999999,5.047675294255086,2.219824705744913,00-0032688,Robby,Anderson,3,R.Anderson
2022,REG,0,Ashton Dulin,WR,IND,6.671538461538462,2.1898556323288516,14.489230769230769,30.46861098979311,8,13,61.53846153846154,125,0,3.14,2.623453528878315,0.5165464711216852,00-0035021,Ashton,Dulin,16,A.Dulin
2022,REG,0,Mark Andrews,TE,BAL,6.66875,2.865926952638905,12.215555555555556,32.40295912051637,14,18,77.77777777777779,156,1,3.0500000000000003,4.271887296767106,-1.2218872967671062,00-0034753,Mark,Andrews,89,M.Andrews
2022,REG,0,Rashod Bateman,WR,BAL,6.645833333333333,3.4295631372160873,15.910833333333334,28.136697220666683,6,12,50,167,2,15.47166666666667,8.603967867597609,6.8676987990690606,00-0036550,Rashod,Bateman,7,R.Bateman
2022,REG,0,Nico Collins,WR,HOU,6.63,2.5040293258827258,12.510833333333332,26.583914721818893,6,12,50,84,0,4.014999999999998,4.889703195849421,-0.8747031958494231,00-0036554,Nico,Collins,12,N.Collins
2022,REG,0,Greg Dortch,WR,ARI,6.627692307692308,4.147456932214201,5.844615384615384,14.932882608439298,11,13,84.61538461538461,118,1,6.406363636363637,5.355657741979609,1.050705894384028,00-0035500,Greg,Dortch,83,G.Dortch
2022,REG,0,Tyler Higbee,TE,LAR,6.626470588235294,3.452108895771906,4.2735,17.007601384964378,12,20,60,110,0,5.911666666666666,5.768785847961273,0.14288081870539315,00-0033110,Tyler,Higbee,89,T.Higbee
2022,REG,0,Robert Woods,WR,TEN,6.621666666666666,2.1339675549019743,8.600000000000001,12.517934748705581,5,7,71.42857142857143,52,0,2.4299999999999984,2.536790932666963,-0.10679093266696471,00-0030431,Robert,Woods,2,R.Woods
2022,REG,0,Elijah Moore,WR,NYJ,6.591818181818181,3.299078635880083,10.535833333333334,17.221980057756223,8,12,66.66666666666666,90,0,2.0912499999999996,2.7565335328289775,-0.6652835328289779,00-0036980,Elijah,Moore,8,E.Moore
2022,REG,0,Amon-Ra St. Brown,WR,DET,6.56,2.999187835694715,6.027916666666666,24.279600570613407,17,24,70.83333333333334,180,3,5.0741176470588245,4.375219999670373,0.6988976473884518,00-0036963,Amon-Ra,St. Brown,14,A.St. Brown
2022,REG,0,Chris Moore,WR,HOU,6.548571428571428,2.468236355251208,7.598571428571427,9.41849346601976,5,7,71.42857142857143,45,0,3.9220000000000015,2.7301792271641263,1.1918207728358752,00-0032398,Christopher,Moore,15,C.Moore
2022,REG,0,JuJu Smith-Schuster,WR,KC,6.543333333333333,3.2967730979760392,7.666363636363636,15.307956216304527,9,11,81.81818181818183,89,0,3.8833333333333337,4.309705433869693,-0.42637210053635943,00-0033857,John,Smith-Schuster,9,J.Smith-Schuster
2022,REG,0,Darren Waller,TE,LV,6.5025,2.439126379257251,10.842857142857143,26.262067056503234,10,14,71.42857142857143,129,1,4.218,3.9630273399152656,0.2549726600847344,00-0031610,Darren,Waller,83,D.Waller
2022,REG,0,Dallas Goedert,TE,PHI,6.449999999999999,4.961904314139257,4.01111111111111,8.80058508044856,8,10,80,142,0,13.31375,9.23122209484778,4.0825279051522205,00-0034351,Dallas,Goedert,88,D.Goedert
2022,REG,0,Pharaoh Brown,TE,HOU,6.4383333333333335,5.752520570976454,4.3616666666666655,4.6339908630520235,4,6,66.66666666666666,41,0,7.305,9.853982717703389,-2.548982717703389,00-0033439,Pharaoh,Brown,85,P.Brown
2022,REG,0,Treylon Burks,WR,TEN,6.425,3.958565172108033,12.88090909090909,29.462893264852053,7,11,63.63636363636363,102,0,6.862857142857144,6.381074510697374,0.4817826321597698,00-0037742,Treylon,Burks,16,T.Burks
2022,REG,0,George Pickens,WR,PIT,6.396666666666666,2.244635767335762,20.75166666666667,22.33363228699552,2,6,33.33333333333333,26,0,1.1600000000000001,2.2398665477745467,-1.0798665477745466,00-0037247,George,Pickens,14,G.Pickens
2022,REG,0,Isaiah Likely,TE,BAL,6.384444444444444,4.349372324418512,6.949999999999999,9.217778301747765,4,9,44.44444444444444,43,0,8.020000000000001,6.994881157716975,1.0251188422830264,00-0037838,Isaiah,Likely,80,I.Likely
2022,REG,0,Sterling Shepard,WR,NYG,6.322857142857143,3.017260419275273,9.622142857142858,40.372224053705764,8,14,57.14285714285714,105,1,4.973750000000001,5.494487360907083,-0.5207373609070824,00-0032385,Sterling,Shepard,3,S.Shepard
2022,REG,0,Josh Palmer,WR,LAC,6.3125,4.6899115841681684,6.635833333333331,16.69462031951025,7,12,58.333333333333336,35,1,2.34857142857143,3.3500589200510427,-1.0014874914796126,00-0036988,Josh,Palmer,5,J.Palmer
2022,REG,0,Noah Brown,WR,DAL,6.311428571428571,3.0069195550159855,11.84,30.16889924286546,10,14,71.42857142857143,159,1,4.473,4.346150843227685,0.12684915677231512,00-0033591,Noah,Brown,85,N.Brown
2022,REG,0,Julio Jones,WR,TB,6.3100000000000005,2.4608369558837535,19.876,17.120609161541505,3,5,60,69,0,5.986666666666665,4.645962847848144,1.340703818818521,00-0027944,Quintorris,Jones,6,J.Jones
2022,REG,0,Scott Miller,WR,TB,6.1975,2.89602828305602,16.323749999999997,22.497286681482237,3,8,37.5,34,0,2.099999999999999,2.8255100288487633,-0.7255100288487641,00-0035298,Scott,Miller,10,S.Miller
2022,REG,0,Josh Reynolds,WR,DET,6.195,2.435725762360246,13.555,13.649408408156413,4,6,66.66666666666666,66,1,4.5600000000000005,3.1955474248901226,1.364452575109878,00-0033943,Joshua Dedmon-Reynolds,Reynolds,8,J.Reynolds
2022,REG,0,Demarcus Robinson,WR,BAL,6.178333333333334,3.9651664001035574,12.146666666666667,10.740074862212264,3,6,50,31,1,2.9366666666666674,2.0927293234526587,0.8439373432140087,00-0032775,Demarcus,Robinson,10,D.Robinson
2022,REG,0,Deebo Samuel,WR,SF,6.1433333333333335,4.808676314480983,0.6192307692307693,2.175558077941733,7,13,53.84615384615385,58,0,9.28,7.465476079014479,1.8145239209855202,00-0035719,Tyshun,Samuel,19,D.Samuel
2022,REG,0,Mike Strachan,WR,IND,6.142,2.594726686932494,15.451999999999998,12.497371443360668,3,5,60,59,0,4.096666666666667,2.5938034732135784,1.5028631934530883,00-0036482,Mike,Strachan,17,M.Strachan
2022,REG,0,Marvin Jones,WR,JAX,6.129090909090909,2.138629875906578,15.068181818181818,28.426143476993264,7,11,63.63636363636363,71,0,1.1800000000000008,2.0096413769680015,-0.8296413769680007,00-0029293,Marvin,Jones,11,M.Jones
2022,REG,0,Johnny Mundt,TE,MIN,6.1274999999999995,5.141869099255479,2.965000000000001,4.119676724637011,5,6,83.33333333333334,45,0,6.451999999999998,7.277325505509634,-0.8253255055096362,00-0033246,Johnny,Mundt,86,J.Mundt
2022,REG,0,Christian Kirk,WR,JAX,6.1259999999999994,2.9470691180741766,10.265555555555556,31.689790598363892,12,18,66.66666666666666,195,2,7.3775,6.664351093323897,0.7131489066761034,00-0034775,Christian,Kirk,13,C.Kirk
2022,REG,0,Allen Robinson,WR,LAR,6.104285714285714,2.685560327431396,11.53857142857143,16.072352449556256,5,7,71.42857142857143,65,1,3.433999999999999,3.7061589822817496,-0.2721589822817507,00-0031428,Allen,Robinson,1,A.Robinson
2022,REG,0,Donovan Peoples-Jones,WR,CLE,6.090833333333333,1.2401848811262717,9.046666666666669,26.960041721508933,6,12,50,60,0,-0.026666666666668466,0.9495565673096849,-0.9762232339763534,00-0036233,Donovan,Peoples-Jones,11,D.Peoples-Jones
2022,REG,0,Corey Davis,WR,NYJ,6.051428571428572,3.161934724820045,18.197142857142858,34.702773388546824,8,14,57.14285714285714,160,1,4.058750000000001,2.056362275410798,2.0023877245892026,00-0033871,Corey,Davis,84,C.Davis
2022,REG,0,Jaylen Waddle,WR,MIA,6.042083333333333,2.974029276474919,9.992083333333333,38.166857652151776,15,24,62.5,240,3,7.599333333333332,3.6935650683573,3.9057682649760324,00-0036613,Jaylen,Waddle,17,J.Waddle
2022,REG,0,CeeDee Lamb,WR,DAL,6.025,2.4010096564752335,10.46318181818182,41.89538439138031,9,22,40.909090909090914,104,0,3.8333333333333326,4.063076870562908,-0.22974353722957508,00-0036358,Cedarian,Lamb,88,C.Lamb
2022,REG,0,Harrison Bryant,TE,CLE,6.023333333333333,4.59070811908472,10.47,20.80115230834182,5,8,62.5,63,0,5.575999999999999,6.558542590467004,-0.9825425904670055,00-0036232,Harrison,Bryant,88,H.Bryant
2022,REG,0,Garrett Wilson,WR,NYJ,5.989,3.017905282942195,11.213636363636365,33.60486024083256,12,22,54.54545454545454,154,2,3.5958333333333328,3.5577333420472357,0.03809999128609709,00-0037740,Garrett,Wilson,17,G.Wilson
2022,REG,0,Jahan Dotson,WR,WAS,5.95,3.7287132404654573,16.703000000000003,23.186373858241488,7,10,70,99,3,1.69142857142857,1.328180073378722,0.36324849804984805,00-0037741,Jahan,Dotson,1,J.Dotson
2022,REG,0,Stefon Diggs,WR,BUF,5.941304347826088,3.001307609064369,10.758695652173913,45.49465904285637,20,23,86.95652173913044,270,4,3.0345000000000004,2.582513618606799,0.45198638139320124,00-0031588,Stefon,Diggs,14,S.Diggs
2022,REG,0,Shi Smith,WR,CAR,5.857500000000001,3.317170594206449,8.322222222222223,19.54847970768628,2,9,22.22222222222222,14,0,7.865000000000002,9.122622005483208,-1.2576220054832064,00-0036572,Shiyun,Smith,12,S.Smith
2022,REG,0,Mike Thomas,WR,CIN,5.83,2.4204252105141855,14.146,11.66507240162285,1,5,20,5,0,0.9399999999999977,0.5403503952666142,0.3996496047333835,00-0033114,Michael,Thomas,80,M.Thomas
2022,REG,0,Jarvis Landry,WR,NO,5.824545454545454,3.4093992529786576,10.360714285714286,18.123773943248413,11,14,78.57142857142857,139,0,3.005454545454546,3.12791661633847,-0.12246207088392413,00-0031382,Jarvis,Landry,5,J.Landry
2022,REG,0,Hunter Renfrow,WR,LV,5.767333333333334,2.8873524172625413,3.428124999999999,9.48929102799211,10,16,62.5,80,0,5.261000000000001,5.725456132651478,-0.46445613265147667,00-0034983,Hunter,Renfrow,13,H.Renfrow
2022,REG,0,Randall Cobb,WR,GB,5.766,2.122304229728606,12.628333333333336,23.298075149129822,5,6,83.33333333333334,51,0,3.111999999999999,3.3520134079963553,-0.24001340799635607,00-0028002,Randall,Cobb,18,R.Cobb
2022,REG,0,Tyler Conklin,TE,NYJ,5.708,4.043939127743941,4.215625000000001,9.187871192720538,10,16,62.5,56,1,3.1470000000000007,4.201118467466517,-1.0541184674665165,00-0034270,Tyler,Conklin,83,T.Conklin
2022,REG,0,Evan Engram,TE,JAX,5.6475,2.468809619996842,4.591666666666666,9.449656142276492,11,12,91.66666666666666,74,0,3.066363636363637,2.947373903048063,0.11898973331557405,00-0033881,Evan,Engram,17,E.Engram
2022,REG,0,Davante Adams,WR,LV,5.639166666666667,2.998302561088311,11.506666666666668,47.77689353309575,12,24,50,153,2,5.8549999999999995,4.828416758082018,1.0265832419179812,00-0031381,Davante,Adams,17,D.Adams
2022,REG,0,Dezmon Patmon,WR,IND,5.622,1.2262951673734932,16.888333333333335,16.390870416201615,2,6,33.33333333333333,24,0,3.979999999999997,3.0590499822587844,0.9209500177412124,00-0036228,Dezmon,Patmon,10,D.Patmon
2022,REG,0,Travis Kelce,TE,KC,5.600714285714285,2.969931998627687,10.06625,29.23632667138631,13,16,81.25,172,1,4.713846153846154,4.29671361279957,0.41713254104658404,00-0030506,Travis,Kelce,87,T.Kelce
2022,REG,0,Dawson Knox,TE,BUF,5.57,2.736712300928057,5.108571428571428,6.57461712415657,5,7,71.42857142857143,46,0,5.518000000000002,3.5391914411081418,1.9788085588918598,00-0035689,Dawson,Knox,88,D.Knox
2022,REG,0,Marquise Brown,WR,ARI,5.565294117647059,2.797478364353622,12.476470588235296,41.68550146420079,10,17,58.82352941176471,111,1,2.928,3.2998112397288195,-0.3718112397288196,00-0035662,Marquise,Brown,2,M.Brown
2022,REG,0,Albert Okwuegbunam,TE,DEN,5.563333333333333,3.404441178462059,3.0024999999999986,4.248545200488173,5,8,62.5,33,0,3.9360000000000013,3.5776485619459892,0.35835143805401204,00-0036423,Albert,Okwuegbunam,85,A.Okwuegbunam
2022,REG,0,Braxton Berrios,WR,NYJ,5.5183333333333335,4.757715613291643,1.875,1.5324470113877837,5,6,83.33333333333334,37,0,5.097999999999999,6.2007374264988115,-1.1027374264988126,00-0034419,Braxton,Berrios,10,B.Berrios
2022,REG,0,Sammy Watkins,WR,GB,5.485714285714287,3.943447310962006,9.894285714285711,21.296353237808244,6,7,85.71428571428571,111,0,7.886666666666669,8.908342877997256,-1.021676211330587,00-0031325,Samuel,Watkins,11,S.Watkins
2022,REG,0,Cooper Kupp,WR,LAR,5.4075999999999995,3.796674488928915,7.726206896551725,44.58550563139252,24,29,82.75862068965517,236,3,4.339583333333333,3.8888682062563134,0.45071512707701933,00-0033908,Cooper,Kupp,10,C.Kupp
2022,REG,0,Jonnu Smith,TE,NE,5.381666666666667,2.798485633841041,5.559999999999997,6.841753682804201,3,7,42.857142857142854,33,0,10.033333333333337,8.12356962748557,1.909763705847766,00-0033858,Jonnu,Smith,81,J.Smith
2022,REG,0,Amari Cooper,WR,CLE,5.3725,2.7257122173495913,10.79625,42.898651501229295,12,16,75,118,1,1.845,2.1277969035853883,-0.28279690358538834,00-0031544,Amari,Cooper,2,A.Cooper
2022,REG,0,Tee Higgins,WR,CIN,5.370833333333333,2.559163705359713,10.814166666666667,21.40218359336346,8,12,66.66666666666666,98,1,3.49,4.531924913934368,-1.041924913934368,00-0036410,Tamaurice,Higgins,85,T.Higgins
2022,REG,0,Courtland Sutton,WR,DEN,5.339411764705883,3.21849897261204,14.743888888888888,46.94094133045615,11,18,61.111111111111114,194,0,2.6336363636363624,3.1961271078545765,-0.5624907442182141,00-0034348,Courtland,Sutton,14,C.Sutton
2022,REG,0,Logan Thomas,TE,WAS,5.282857142857144,3.5842263345644327,11.5,17.56017657347511,6,11,54.54545454545454,82,1,5.1099999999999985,4.088650104598439,1.0213498954015598,00-0031260,Logan,Thomas,82,L.Thomas
2022,REG,0,Pat Freiermuth,TE,PIT,5.270909090909091,2.6621625728584473,6.18529411764706,18.860986547085208,9,17,52.94117647058824,97,1,5.556666666666666,4.5446491775035405,1.0120174891631253,00-0036894,Pat,Freiermuth,88,P.Freiermuth
2022,REG,0,Jakobi Meyers,WR,NE,5.2188888888888885,2.385007539119449,11.056315789473684,36.928242449811904,13,19,68.42105263157895,150,0,1.94,2.1228851752436615,-0.18288517524366155,00-0034960,Jakobi,Meyers,16,J.Meyers
2022,REG,0,A.J. Brown,WR,PHI,5.179047619047618,3.1163571355247006,10.34047619047619,52.937591418820084,15,21,71.42857142857143,224,0,6.540666666666667,6.655270791616264,-0.11460412494959726,00-0035676,Arthur,Brown,11,A.Brown
2022,REG,0,Darnell Mooney,WR,CHI,5.17,3.869205178714104,16.406,28.918423464711278,2,5,40,4,0,5.310000000000002,5.30754482072939,0.002455179270612007,00-0036309,Darnell,Mooney,11,D.Mooney
2022,REG,0,Will Dissly,TE,SEA,5.163333333333334,5.481123053530548,1.5320000000000022,2.509829619921366,5,5,100,43,1,7.067999999999998,7.164698440834854,-0.09669844083485657,00-0034159,Will,Dissly,89,W.Dissly
2022,REG,0,Nick Westbrook-Ikhine,WR,TEN,5.148000000000001,2.4299631273337416,14.283333333333337,17.820382192094158,2,6,33.33333333333333,26,0,1.154999999999994,3.294710087909677,-2.139710087909683,00-0036182,Nicholas,Westbrook-Ikhine,15,N.Westbrook-Ikhine
2022,REG,0,Diontae Johnson,WR,PIT,5.080909090909091,2.2105103007976257,10.144090909090908,40.030493273542604,13,22,59.09090909090909,112,0,0.12615384615384537,1.0107691888702783,-0.8846153427164329,00-0035216,Diontae,Johnson,18,D.Johnson
2022,REG,0,Chase Claypool,WR,PIT,5.046363636363637,2.3085742781967955,5.734166666666668,12.34260089686099,8,12,66.66666666666666,44,0,1.1562499999999991,1.4690088476492535,-0.31275884764925443,00-0036326,Chase,Claypool,11,C.Claypool
2022,REG,0,Ian Thomas,TE,CAR,4.960000000000001,3.5744934789018052,9.076666666666666,14.213754404280305,3,6,50,66,0,13.123333333333333,10.084937390822233,3.0383959425111,00-0034365,Ian,Thomas,80,I.Thomas
2022,REG,0,Nelson Agholor,WR,NE,4.951818181818182,3.8485246502026573,10.52818181818182,20.358260380409945,9,11,81.81818181818183,138,1,7.2977777777777755,4.17943565800854,3.1183421197692356,00-0031549,Nelson,Agholor,15,N.Agholor
2022,REG,0,Hayden Hurst,TE,CIN,4.946666666666666,4.334711290013791,4.544,11.241217798594846,10,15,66.66666666666666,70,0,3.905,5.371441524972114,-1.4664415249721139,00-0034830,Hayden,Hurst,88,H.Hurst
2022,REG,0,Zach Ertz,TE,ARI,4.658181818181817,2.873025783246989,5.9206666666666665,17.454452546137066,10,15,66.66666666666666,89,1,3.7619999999999996,3.5602952110310526,0.20170478896894695,00-0030061,Zachary,Ertz,86,Z.Ertz
2022,REG,0,Dennis Houston,WR,DAL,4.581666666666666,1.9353333134277682,12.411666666666664,13.55380023296447,2,6,33.33333333333333,16,0,3.4499999999999993,2.2105021367473228,1.2394978632526765,00-0037570,Dennis,Houston,17,D.Houston
2022,REG,0,Irv Smith,TE,MIN,4.5183333333333335,4.234205839929523,6.135999999999999,14.209295324549009,5,10,50,36,1,3.656,2.982674443679616,0.6733255563203842,00-0034970,Irvin,Smith,84,I.Smith
2022,REG,0,Ja'Marr Chase,WR,CIN,4.507083333333333,2.7878476747186585,8.0168,33.054062077382326,15,25,60,183,1,5.166666666666667,3.8635091437870717,1.3031575228795953,00-0036900,Ja'Marr,Chase,1,J.Chase
2022,REG,0,Terry McLaurin,WR,WAS,4.491666666666666,1.7603291538623107,15.728333333333333,26.20006107887504,6,12,50,133,1,7.671666666666664,4.852629960255446,2.819036706411218,00-0035659,Terry,McLaurin,17,T.McLaurin
2022,REG,0,A.J. Green,WR,ARI,4.361818181818182,2.775813793745278,8.308181818181819,17.961518051925083,5,11,45.45454545454545,29,0,2.0379999999999994,3.1502392463986326,-1.1122392463986333,00-0027942,Adriel,Green,18,A.Green
2022,REG,0,Mike Evans,WR,TB,4.3109090909090915,1.8662778015869579,12.839090909090912,24.33028408014195,8,11,72.72727272727273,132,1,5.51125,4.442014838758936,1.069235161241064,00-0031408,Mike,Evans,13,M.Evans
2022,REG,0,Gerald Everett,TE,LAC,4.303333333333334,2.4796225579295084,4.641428571428572,13.623212713321323,9,14,64.28571428571429,125,1,8.274444444444443,6.417766573470392,1.8566778709740506,00-0033895,Gerald,Everett,7,G.Everett
2022,REG,0,Breshad Perriman,WR,TB,4.155714285714286,1.729393691408347,18.380000000000003,25.331197133357445,3,8,37.5,45,1,4.726666666666667,5.715027716901773,-0.9883610502351061,00-0032054,Breshad,Perriman,16,B.Perriman
2022,REG,0,Juwan Johnson,TE,NO,4.14,2.0217852742946376,10.7975,16.189571801631825,6,12,50,83,0,2.7116666666666647,2.801679393470702,-0.09001272680403716,00-0036040,Juwan,Johnson,83,J.Johnson
2022,REG,0,Mo Alie-Cox,TE,IND,3.9825,1.91394124319674,7.040000000000001,5.693858074117209,3,5,60,35,0,5.159999999999999,1.953835055547491,3.2061649444525084,00-0033217,Mo,Alie-Cox,81,M.Alie-Cox
2022,REG,0,Michael Thomas,WR,NO,3.972941176470588,1.7500558315051973,11.194705882352942,23.77894118676046,11,17,64.70588235294117,122,3,1.412727272727273,1.0671131431433671,0.3456141295839059,00-0032765,Michael,Thomas,13,M.Thomas
2022,REG,0,Mike Williams,WR,LAC,3.8421428571428566,1.8115220838178634,10.584999999999997,31.068388611681836,10,14,71.42857142857143,123,1,1.8130000000000002,1.6749281013202904,0.13807189867970981,00-0033536,Michael,Williams,81,M.Williams
2022,REG,0,David Njoku,TE,CLE,2.7175000000000002,3.25568843458804,3.685,5.490848585690515,4,6,66.66666666666666,39,0,7.9350000000000005,6.989423706121613,0.9455762938783874,00-0033885,David,Njoku,85,D.Njoku
2022,REG,1,Kylen Granson,TE,IND,10.303333333333333,4.666286849754036,4.871428571428571,10.925985261134251,3,7,42.857142857142854,22,0,4.476666666666667,4.472790691604312,0.0038759750623542644,00-0036876,Kylen,Granson,83,K.Granson
2022,REG,1,Ben Skowronek,WR,LAR,8.232,4.185659420971088,9.635,25.10858234885337,4,6,66.66666666666666,25,0,2.3375000000000004,3.018393045347409,-0.6808930453474087,00-0036862,Ben,Skowronek,18,B.Skowronek
2022,REG,1,Jahan Dotson,WR,WAS,8.128,2.7766582789795824,15.702000000000002,25.336431406718944,3,5,60,40,2,0.13666666666666552,1.1758893143699727,-1.039222647703307,00-0037741,Jahan,Dotson,1,J.Dotson
2022,REG,1,DK Metcalf,WR,SEA,8.085714285714285,2.8431729896582083,4.637142857142857,23.446980641433107,7,7,100,36,0,0.5785714285714292,1.7874127015729755,-1.2088412730015463,00-0035640,DeKaylin,Metcalf,14,D.Metcalf
2022,REG,1,D.J. Moore,WR,CAR,8.066666666666668,2.3229906917803476,9.781666666666668,34.87018002495395,3,6,50,47,0,6.703333333333332,5.265700151330596,1.4376331820027364,00-0034827,Denniston,Moore,2,D.Moore
2022,REG,1,Romeo Doubs,WR,GB,7.81,3.108692439790944,9.195999999999998,22.484107579462094,4,5,80,37,0,1.6200000000000019,2.6536051172022184,-1.0336051172022165,00-0037816,Romeo,Doubs,87,R.Doubs
2022,REG,1,Richie James,WR,NYG,7.748333333333334,2.9945699224698497,10.684999999999997,48.09452363090772,5,6,83.33333333333334,59,0,2.546000000000002,3.113654882158835,-0.5676548821588328,00-0034286,Richard,James,80,R.James
2022,REG,1,T.J. Hockenson,TE,DET,7.588571428571429,2.7725995689351284,5.97285714285714,13.830174324369022,4,7,57.14285714285714,38,0,6.150000000000004,4.739902808413364,1.4100971915866403,00-0035229,Thomas,Hockenson,88,T.Hockenson
2022,REG,1,Zay Jones,WR,JAX,7.581250000000001,2.262086301306204,10.323333333333332,24.035700426852934,6,9,66.66666666666666,65,0,4.126666666666669,3.849193136086152,0.2774735305805165,00-0033891,Isaiah,Jones,7,Z.Jones
2022,REG,1,Curtis Samuel,WR,WAS,7.566,3.475711798262391,1.5499999999999998,5.502307419240326,8,11,72.72727272727273,55,1,5.99,5.648148019727515,0.34185198027248553,00-0033282,Curtis,Samuel,10,C.Samuel
2022,REG,1,Gabe Davis,WR,BUF,7.51,3.406133943199213,16.137999999999998,36.622339218445056,4,5,80,88,1,5.005000000000002,4.21484177963201,0.7901582203679913,00-0036196,Gabriel,Davis,13,G.Davis
2022,REG,1,Robby Anderson,WR,CAR,7.419999999999999,3.1713446084852945,9.466249999999999,44.99435565325886,5,8,62.5,102,1,9.616000000000001,5.268937873557661,4.34706212644234,00-0032688,Robby,Anderson,3,R.Anderson
2022,REG,1,Brandin Cooks,WR,HOU,7.2749999999999995,2.4507487938911523,10.3825,50.03011685339115,7,12,58.333333333333336,82,0,1.7657142857142851,3.5385142333996384,-1.7727999476853533,00-0031236,Brandin,Cooks,13,B.Cooks
2022,REG,1,Robert Tonyan,TE,GB,7.2275,4.169873645170356,4.990000000000003,12.200488997555016,3,5,60,36,0,9.37333333333333,9.833169499814781,-0.45983616648145187,00-0033757,Robert,Tonyan,85,R.Tonyan
2022,REG,1,Treylon Burks,WR,TEN,7.1475,4.9464206293310875,19.378,33.695009563554166,3,5,60,55,0,11.01,8.328843636835776,2.6811563631642237,00-0037742,Treylon,Burks,16,T.Burks
2022,REG,1,Ashton Dulin,WR,IND,7.111666666666667,2.7815590203647305,15.984999999999998,30.730535084908684,3,6,50,46,0,4.073333333333335,2.84762721076307,1.2257061225702652,00-0035021,Ashton,Dulin,16,A.Dulin
2022,REG,1,Michael Pittman,WR,IND,7.090769230769231,3.4911485943990477,8.332307692307692,34.70682473566165,9,13,69.23076923076923,121,1,5.113333333333333,5.569468749851037,-0.4561354165177036,00-0036252,Michael,Pittman,11,M.Pittman
2022,REG,1,Jerry Jeudy,WR,DEN,7.048571428571429,4.085516055285496,10.81,25.372183476394845,4,7,57.14285714285714,102,1,18.130000000000003,8.114630159730893,10.01536984026911,00-0036407,Jerry,Jeudy,10,J.Jeudy
2022,REG,1,Kyle Philips,WR,TEN,7.046666666666667,2.446139371663671,8.08,25.28951486697966,6,9,66.66666666666666,66,0,1.8433333333333337,2.9900797156459142,-1.1467463823125805,00-0037273,Kyle,Philips,18,K.Philips
2022,REG,1,Mark Andrews,TE,BAL,6.97,2.837189488030727,13.592857142857142,26.88156853881794,5,7,71.42857142857143,52,0,2.390000000000002,5.57610361794309,-3.1861036179430884,00-0034753,Mark,Andrews,89,M.Andrews
2022,REG,1,Tyreek Hill,WR,MIA,6.93,3.990651554138916,9.328333333333333,44.959434492730345,8,12,66.66666666666666,94,0,5.448750000000002,3.154800871911391,2.2939491280886113,00-0033040,Tyreek,Hill,10,T.Hill
2022,REG,1,D.J. Chark,WR,DET,6.92,1.9733646950000157,15.45375,40.89510767093382,4,8,50,52,1,3.897500000000001,2.124159226188226,1.7733407738117748,00-0034777,Darrell,Chark,4,D.Chark
2022,REG,1,Noah Brown,WR,DAL,6.851111111111111,3.6123502965164485,9.685555555555554,23.630991108219472,5,9,55.55555555555556,68,0,5.08,2.971275325520594,2.108724674479406,00-0033591,Noah,Brown,85,N.Brown
2022,REG,1,Jauan Jennings,WR,SF,6.791666666666667,3.510525295089442,10.185000000000002,31.414177761784824,4,6,66.66666666666666,62,0,4.334999999999997,5.468616200688302,-1.133616200688305,00-0036259,Bennie,Jennings,15,J.Jennings
2022,REG,1,Rashod Bateman,WR,BAL,6.786,4.033111086263821,20.770000000000003,29.339473386823368,2,5,40,59,1,3.6950000000000003,3.5952239030775104,0.0997760969224899,00-0036550,Rashod,Bateman,7,R.Bateman
2022,REG,1,Justin Jefferson,WR,MIN,6.746666666666666,3.9816922857847414,11.024545454545454,70.27700509967548,9,11,81.81818181818183,184,2,9.178888888888887,9.839786175231469,-0.6608972863425819,00-0036322,Justin,Jefferson,18,J.Jefferson
2022,REG,1,Marvin Jones,WR,JAX,6.708333333333333,1.7344799579193626,16.146666666666665,25.062734445737938,4,6,66.66666666666666,38,0,0.9675000000000011,1.102288429419474,-0.13478842941947278,00-0029293,Marvin,Jones,11,M.Jones
2022,REG,1,Deebo Samuel,WR,SF,6.624,5.099128735947938,1.282857142857143,4.616254562278312,2,7,28.57142857142857,14,0,9.635,6.554944026986277,3.0800559730137227,00-0035719,Tyshun,Samuel,19,D.Samuel
2022,REG,1,Tyler Boyd,WR,CIN,6.571666666666666,1.7637487829963496,12.295714285714284,21.35785007072136,4,7,57.14285714285714,33,1,0.08000000000000007,0.788264047031948,-0.7082640470319479,00-0033009,Tyler,Boyd,83,T.Boyd
2022,REG,1,Tyler Higbee,TE,LAR,6.53875,4.0212101832763745,2.3881818181818177,11.40983321751216,5,11,45.45454545454545,39,0,5.832000000000001,6.436311803798458,-0.6043118037984572,00-0033110,Tyler,Higbee,89,T.Higbee
2022,REG,1,Drake London,WR,ATL,6.462857142857142,2.5324069902264887,12.497142857142858,31.4664940110068,5,7,71.42857142857143,74,0,3.4239999999999995,2.2655157618085924,1.1584842381914071,00-0037238,Drake,London,5,D.London
2022,REG,1,Dalton Schultz,TE,DAL,6.324285714285715,2.596653285618777,5.866666666666667,14.313597918022122,7,9,77.77777777777779,62,0,1.2657142857142856,0.9664993088291567,0.2992149768851289,00-0034383,Dalton,Schultz,86,D.Schultz
2022,REG,1,Julio Jones,WR,TB,6.3100000000000005,2.4608369558837535,19.876,34.36495037864379,3,5,60,69,0,5.986666666666665,4.645962847848144,1.340703818818521,00-0027944,Quintorris,Jones,6,J.Jones
2022,REG,1,Amon-Ra St. Brown,WR,DET,6.260000000000001,3.1993904303135214,5.1133333333333315,20.29704607852866,8,12,66.66666666666666,64,1,3.868750000000002,3.488028204161818,0.3807217958381841,00-0036963,Amon-Ra,St. Brown,14,A.St. Brown
2022,REG,1,Amari Cooper,WR,CLE,6.239999999999999,2.297396533697827,9.808333333333334,25.588069046480282,3,6,50,17,0,3.3433333333333337,4.0225727974478405,-0.6792394641145068,00-0031544,Amari,Cooper,2,A.Cooper
2022,REG,1,Donovan Peoples-Jones,WR,CLE,6.232727272727273,1.3011107794104775,8.747272727272728,41.83660159137354,6,11,54.54545454545454,60,0,-0.026666666666668466,0.9495565673096849,-0.9762232339763534,00-0036233,Donovan,Peoples-Jones,11,D.Peoples-Jones
2022,REG,1,Stefon Diggs,WR,BUF,6.216666666666666,2.825427155382949,11.03888888888889,45.09145372849817,8,9,88.88888888888889,122,1,3.9787500000000002,2.7493290726909265,1.2294209273090737,00-0031588,Stefon,Diggs,14,S.Diggs
2022,REG,1,CeeDee Lamb,WR,DAL,6.214545454545455,2.020001879897267,11.722727272727274,34.9571676425938,2,11,18.181818181818183,29,0,4.354999999999997,3.4321363706435477,0.9228636293564492,00-0036358,Cedarian,Lamb,88,C.Lamb
2022,REG,1,Jarvis Landry,WR,NO,6.05375,2.3747941668578902,13.876666666666667,41.627224851676544,7,9,77.77777777777779,114,0,2.5814285714285723,2.4438560002142498,0.13757257121432254,00-0031382,Jarvis,Landry,5,J.Landry
2022,REG,1,Greg Dortch,WR,ARI,5.97,3.8047001692088553,6.329999999999999,22.17767050763002,7,9,77.77777777777779,63,0,4.925714285714287,5.223659925746948,-0.297945640032661,00-0035500,Greg,Dortch,83,G.Dortch
2022,REG,1,Mecole Hardman,WR,KC,5.948333333333333,2.470430935411336,14.069999999999999,27.666896077081898,3,6,50,16,1,3.2466666666666697,0.37843067225684496,2.8682359944098246,00-0035140,Mecole,Hardman,17,M.Hardman
2022,REG,1,Courtland Sutton,WR,DEN,5.87,3.7288958285618086,18.43857142857143,43.27722639484977,4,7,57.14285714285714,72,0,2.9999999999999982,3.4821933284419586,-0.4821933284419604,00-0034348,Courtland,Sutton,14,C.Sutton
2022,REG,1,Mike Thomas,WR,CIN,5.83,2.4204252105141855,14.146,17.551304002580707,1,5,20,5,0,0.9399999999999977,0.5403503952666142,0.3996496047333835,00-0033114,Michael,Thomas,80,Mi.Thomas
2022,REG,1,JuJu Smith-Schuster,WR,KC,5.822857142857141,3.3158360913370175,9.815,25.733294005833585,6,8,75,79,0,5.126666666666668,5.467939428328084,-0.3412727616614166,00-0033857,John,Smith-Schuster,9,J.Smith-Schuster
2022,REG,1,Diontae Johnson,WR,PIT,5.664166666666667,1.7669418179650656,10.104166666666666,40.517961570593144,7,12,58.333333333333336,55,0,-0.3142857142857157,0.809167829276913,-1.1234535435626287,00-0035216,Diontae,Johnson,18,D.Johnson
2022,REG,1,Darren Waller,TE,LV,5.618333333333333,2.271382386786946,12.798333333333334,22.281867510083273,4,6,66.66666666666666,79,0,7.227499999999999,6.584787364003205,0.6427126359967943,00-0031610,Darren,Waller,83,D.Waller
2022,REG,1,Braxton Berrios,WR,NYJ,5.5183333333333335,4.757715613291643,1.875,3.540296440821978,5,6,83.33333333333334,37,0,5.097999999999999,6.2007374264988115,-1.1027374264988126,00-0034419,Braxton,Berrios,10,B.Berrios
2022,REG,1,Logan Thomas,TE,WAS,5.466666666666668,2.958900843433163,11.298333333333334,21.876916126117404,3,6,50,45,0,6.093333333333333,5.3254696672741675,0.7678636660591653,00-0031260,Logan,Thomas,82,L.Thomas
2022,REG,1,Christian Kirk,WR,JAX,5.420999999999999,2.652209484410628,11.87,36.84904928211098,6,12,50,117,0,8.811666666666667,8.23372662047285,0.5779400461938167,00-0034775,Christian,Kirk,13,C.Kirk
2022,REG,1,Corey Davis,WR,NYJ,5.414,2.059481952395328,13.507,42.50558580105107,6,10,60,77,0,1.1433333333333344,1.4990140516586337,-0.35568071832529924,00-0033871,Corey,Davis,84,C.Davis
2022,REG,1,Pat Freiermuth,TE,PIT,5.4071428571428575,2.4234295498906984,7.200000000000001,24.060150375939852,5,10,50,75,0,6.331999999999998,3.6835227195348126,2.6484772804651855,00-0036894,Pat,Freiermuth,88,P.Freiermuth
2022,REG,1,Tyler Conklin,TE,NYJ,5.401666666666666,2.854332552739091,3.162857142857146,6.967303395537659,4,7,57.14285714285714,16,1,1.2475000000000005,1.3957438631623518,-0.14824386316235127,00-0034270,Tyler,Conklin,83,T.Conklin
2022,REG,1,Elijah Moore,WR,NYJ,5.315,3.617339498550978,7.985714285714287,17.591339648173207,5,7,71.42857142857143,49,0,3.4099999999999993,4.2306181745381535,-0.8206181745381542,00-0036980,Elijah,Moore,8,E.Moore
2022,REG,1,Jaylen Waddle,WR,MIA,5.287999999999999,2.6269054779340726,9.522000000000002,19.12201783275766,4,5,80,69,1,7.634999999999998,2.921149148277351,4.713850851722647,00-0036613,Jaylen,Waddle,17,J.Waddle
2022,REG,1,Nelson Agholor,WR,NE,5.2620000000000005,4.631004380633921,9.472,17.924456891983954,3,5,60,28,0,8.043333333333331,4.1473955481860685,3.8959377851472627,00-0031549,Nelson,Agholor,15,N.Agholor
2022,REG,1,Davante Adams,WR,LV,5.168235294117647,3.288455019685908,11.69529411764706,57.69085686098134,10,17,58.82352941176471,141,1,6.13,4.654900114569602,1.4750998854303976,00-0031381,Davante,Adams,17,D.Adams
2022,REG,1,Garrett Wilson,WR,NYJ,5.1187499999999995,3.1217223215231114,8.57375,21.584794033420394,4,8,50,52,0,4.484999999999999,5.752596168807821,-1.2675961688078212,00-0037740,Garrett,Wilson,17,G.Wilson
2022,REG,1,Dennis Houston,WR,DAL,5.06,2.1341023393782845,13.165999999999997,17.84591194968553,2,5,40,16,0,3.4499999999999993,2.2105021367473228,1.2394978632526765,00-0037570,Dennis,Houston,17,D.Houston
2022,REG,1,Travis Kelce,TE,KC,4.99375,2.6139413340980813,10.532222222222224,31.065447514174295,8,9,88.88888888888889,121,1,4.715,4.46847132395942,0.2465286760405796,00-0030506,Travis,Kelce,87,T.Kelce
2022,REG,1,Albert Okwuegbunam,TE,DEN,4.962,2.9011001439194537,1.9349999999999987,3.8928379828326145,5,6,83.33333333333334,33,0,3.9360000000000013,3.5776485619459892,0.35835143805401204,00-0036423,Albert,Okwuegbunam,85,A.Okwuegbunam
2022,REG,1,Marquise Brown,WR,ARI,4.93,2.2364461187883933,17.900000000000002,41.80940516972906,4,6,66.66666666666666,43,1,0.9975000000000005,1.4674316692451725,-0.46993166924517205,00-0035662,Marquise,Brown,2,M.Brown
2022,REG,1,Chase Claypool,WR,PIT,4.86,2.431585980948982,6.5516666666666685,13.136173767752716,4,6,66.66666666666666,18,0,0.6199999999999992,1.454644801010664,-0.8346448010106648,00-0036326,Chase,Claypool,11,C.Claypool
2022,REG,1,Ja'Marr Chase,WR,CIN,4.7787500000000005,2.419819129018065,8.744375,34.71798307650314,10,16,62.5,129,1,4.666999999999999,3.595176283597334,1.071823716402665,00-0036900,Ja'Marr,Chase,1,J.Chase
2022,REG,1,Michael Thomas,WR,NO,4.6575,1.4506894135798887,11.03125,29.41470568628758,5,8,62.5,57,2,1.5299999999999998,1.389321505887756,0.14067849411224387,00-0032765,Michael,Thomas,13,M.Thomas
2022,REG,1,Cooper Kupp,WR,LAR,4.474615384615384,4.276359798008813,6.906666666666667,44.99652536483669,13,15,86.66666666666667,128,1,4.631538461538461,4.11112353611683,0.5204149254216306,00-0033908,Cooper,Kupp,10,C.Kupp
2022,REG,1,A.J. Brown,WR,PHI,4.264615384615384,2.7469062714319197,8.56,72.82722513089006,10,13,76.92307692307693,155,0,6.599000000000001,7.417090645571489,-0.8180906455714876,00-0035676,Arthur,Brown,11,A.Brown
2022,REG,1,Kyle Pitts,TE,ATL,4.236666666666667,2.2627909049542807,12.157142857142855,30.61040969749289,2,7,28.57142857142857,19,0,3.4399999999999977,5.027921371478897,-1.587921371478899,00-0036970,Kyle,Pitts,8,K.Pitts
2022,REG,1,Hunter Renfrow,WR,LV,4.1433333333333335,1.7139623501654624,5.864999999999998,10.210950874851285,3,6,50,21,0,1.3466666666666687,2.5903130964945262,-1.2436464298278576,00-0034983,Hunter,Renfrow,13,H.Renfrow
2022,REG,1,Jakobi Meyers,WR,NE,4.076666666666667,1.4032924300971323,15.358333333333333,34.87623949738854,4,6,66.66666666666666,55,0,0.4875000000000025,0.9143412335083818,-0.4268412335083793,00-0034960,Jakobi,Meyers,16,J.Meyers
2022,REG,1,Mike Evans,WR,TB,4.03,1.6705525146589724,12.107142857142858,29.305992600020737,5,7,71.42857142857143,71,1,2.5340000000000003,1.8148787373311053,0.719121262668895,00-0031408,Mike,Evans,13,M.Evans
2022,REG,1,Hayden Hurst,TE,CIN,3.64125,4.475871816498243,5.47625,10.87123749968982,5,8,62.5,46,0,4.333999999999998,4.192910899175688,0.1410891008243098,00-0034830,Hayden,Hurst,88,H.Hurst
2022,REG,1,Juwan Johnson,TE,NO,3.1575,2.2222319375423245,12.17,20.281981201253245,2,5,40,43,0,5.509999999999998,5.153379454756305,0.35662054524369324,00-0036040,Juwan,Johnson,83,J.Johnson
2022,REG,2,Drake London,WR,ATL,9.735,4.528392549847237,7.494999999999998,47.00041806020067,8,12,66.66666666666666,86,1,5.178750000000003,3.8384700451616096,1.340279954838393,00-0037238,Drake,London,5,D.London
2022,REG,2,DeVonta Smith,WR,PHI,9.568,2.4339011607381598,8.338571428571429,22.676767676767675,7,7,100,80,0,3.09,2.2865358788451107,0.8034641211548892,00-0036912,DeVonta,Smith,6,D.Smith
2022,REG,2,Chris Olave,WR,NO,8.552307692307693,1.5982931980978679,23.631538461538465,61.40392956367053,5,13,38.46153846153847,80,0,1.568000000000002,4.285797942993689,-2.7177979429936867,00-0037239,Chris,Olave,12,C.Olave
2022,REG,2,Marquez Valdes-Scantling,WR,KC,8.440000000000001,2.39079789970787,10.591428571428574,30.167643229166675,2,7,28.57142857142857,13,0,0.27999999999999936,0.9086483918176462,-0.6286483918176469,00-0034272,Marquez,Valdes-Scantling,11,M.Valdes-Scantling
2022,REG,2,DK Metcalf,WR,SEA,8.435,2.2748238708342186,8.966666666666667,32.26193331734229,4,6,66.66666666666666,35,0,0.13250000000000028,0.6317746166661522,-0.4992746166661519,00-0035640,DeKaylin,Metcalf,14,D.Metcalf
2022,REG,2,Brandin Cooks,WR,HOU,8.399000000000001,2.801975769420433,8.166,25.865509486554117,4,10,40,54,0,7.945,7.808002659291741,0.13699734070825897,00-0031236,Brandin,Cooks,13,B.Cooks
2022,REG,2,Tyler Lockett,WR,SEA,8.39090909090909,5.908965937075338,10.571818181818184,69.73494842887985,9,11,81.81818181818183,107,0,2.646666666666666,3.616120415452124,-0.9694537487854578,00-0032211,Tyler,Lockett,16,T.Lockett
2022,REG,2,Elijah Moore,WR,NYJ,8.123999999999999,2.8535134281408303,14.106,16.940074456587006,3,5,60,41,0,-0.10666666666666676,0.29972579664701726,-0.406392463313684,00-0036980,Elijah,Moore,8,E.Moore
2022,REG,2,T.J. Hockenson,TE,DET,8.033333333333333,2.5077770543746234,6.841428571428571,16.314641956803158,3,7,42.857142857142854,26,0,2.229999999999999,3.02293665648358,-0.7929366564835809,00-0035229,Thomas,Hockenson,88,T.Hockenson
2022,REG,2,Mack Hollins,WR,LV,7.766249999999999,3.5455931330430595,7.232499999999998,24.791122156047813,5,8,62.5,66,0,3.886000000000002,4.304025508073584,-0.4180255080735824,00-0033555,Mack,Hollins,10,M.Hollins
2022,REG,2,Adam Thielen,WR,MIN,7.741666666666666,1.997560266544914,11.752857142857144,31.731399699155322,4,7,57.14285714285714,52,0,0.049999999999998934,1.251309416133985,-1.2013094161339861,00-0030035,Adam,Thielen,19,A.Thielen
2022,REG,2,Justin Jefferson,WR,MIN,7.687999999999998,2.4372306976766165,8.974166666666667,41.53585065761561,6,12,50,48,0,3.6249999999999987,3.261671682286002,0.36332831771399654,00-0036322,Justin,Jefferson,18,J.Jefferson
2022,REG,2,Russell Gage,WR,TB,7.668333333333334,4.111889444484788,1.840000000000001,3.790167536391103,5,6,83.33333333333334,28,0,3.6459999999999995,3.697808868809736,-0.05180886880973645,00-0034411,Russell,Gage,17,R.Gage
2022,REG,2,Hayden Hurst,TE,CIN,7.5575,4.173384974031561,3.4785714285714278,11.974428325547086,5,7,71.42857142857143,24,0,3.4760000000000018,6.549972150768539,-3.0739721507685376,00-0034830,Hayden,Hurst,88,H.Hurst
2022,REG,2,Christian Kirk,WR,JAX,7.535999999999999,3.536788385401273,7.0566666666666675,21.54268851124454,6,6,100,78,2,5.9433333333333325,5.094975566174942,0.8483577671583902,00-0034775,Christian,Kirk,13,C.Kirk
2022,REG,2,Darren Waller,TE,LV,7.386666666666667,2.5649343736099794,9.376249999999999,32.13933758944256,6,8,75,50,1,2.2116666666666673,2.2151873238566395,-0.0035206571899721872,00-0031610,Darren,Waller,83,D.Waller
2022,REG,2,Robert Woods,WR,TEN,7.147499999999999,2.6298362844509775,7.1720000000000015,18.545717832023175,4,5,80,39,0,3.357499999999998,3.0917097140352894,0.2657902859647088,00-0030431,Robert,Woods,2,R.Woods
2022,REG,2,Isaiah Likely,TE,BAL,7.114,5.98524888005178,6.7379999999999995,10.378288460353643,4,5,80,43,0,8.020000000000001,6.994881157716975,1.0251188422830264,00-0037838,Isaiah,Likely,80,I.Likely
2022,REG,2,Nico Collins,WR,HOU,6.983333333333333,1.954297710231661,12.983333333333333,37.01181464001773,4,9,44.44444444444444,58,0,4.5275,5.6168645146716045,-1.0893645146716047,00-0036554,Nico,Collins,12,N.Collins
2022,REG,2,Hunter Renfrow,WR,LV,6.8500000000000005,3.5913864575207888,1.9659999999999997,8.423668537640857,7,10,70,59,0,6.9385714285714295,7.069088862433028,-0.13051743386159842,00-0034983,Hunter,Renfrow,13,H.Renfrow
2022,REG,2,Amon-Ra St. Brown,WR,DET,6.785000000000001,2.798985241075908,6.942500000000002,28.381140560059958,9,12,75,116,2,6.145555555555555,5.163834929011311,0.9817206265442442,00-0036963,Amon-Ra,St. Brown,14,A.St. Brown
2022,REG,2,Davante Adams,WR,LV,6.782857142857144,2.2936465902084344,11.04857142857143,33.137666566690946,2,7,28.57142857142857,12,1,4.479999999999997,5.695999975644099,-1.2159999756441024,00-0031381,Davante,Adams,17,D.Adams
2022,REG,2,Tyreek Hill,WR,MIA,6.746666666666666,3.9739807915442382,10.303846153846154,35.31133020509305,11,13,84.61538461538461,190,2,6.616363636363638,6.277725335032832,0.3386383013308061,00-0033040,Tyreek,Hill,10,T.Hill
2022,REG,2,Tyler Higbee,TE,LAR,6.7044444444444435,2.7565406554886667,6.5777777777777775,21.740727139184717,7,9,77.77777777777779,71,0,5.968571428571429,5.2919815937918555,0.6765898347795734,00-0033110,Tyler,Higbee,89,T.Higbee
2022,REG,2,Pharaoh Brown,TE,HOU,6.7,6.008282264136507,3.314,5.2484875360299,3,5,60,24,0,7.273333333333331,8.349152471453786,-1.0758191381204556,00-0033439,Pharaoh,Brown,85,P.Brown
2022,REG,2,Dallas Goedert,TE,PHI,6.672,5.300391110584942,5.894,11.449106449106447,5,6,83.33333333333334,82,0,10.506,8.603124558869762,1.902875441130238,00-0034351,Dallas,Goedert,88,D.Goedert
2022,REG,2,A.J. Brown,WR,PHI,6.665,3.716714789675469,13.23375,41.13053613053613,5,8,62.5,69,0,6.423999999999998,5.131631083705815,1.2923689162941825,00-0035676,Arthur,Brown,11,A.Brown
2022,REG,2,Garrett Wilson,WR,NYJ,6.569166666666667,2.958581260895958,12.722142857142858,42.77891197309956,8,14,57.14285714285714,102,2,3.151249999999999,2.4603019286669436,0.6909480713330556,00-0037740,Garrett,Wilson,17,G.Wilson
2022,REG,2,Richie James,WR,NYG,6.55,2.498908914183721,8.756666666666666,26.22149024305036,5,6,83.33333333333334,51,0,2.1400000000000006,4.151555002708937,-2.0115550027089366,00-0034286,Richard,James,80,R.James
2022,REG,2,Rashod Bateman,WR,BAL,6.545714285714285,2.9984574593248494,12.439999999999998,26.825211015957112,4,7,57.14285714285714,108,1,21.360000000000003,11.108339849857657,10.251660150142346,00-0036550,Rashod,Bateman,7,R.Bateman
2022,REG,2,Mark Andrews,TE,BAL,6.488000000000001,2.8842144301168364,11.339090909090912,38.42338734520363,9,11,81.81818181818183,104,1,3.416666666666666,3.54732267389156,-0.13065600722489412,00-0034753,Mark,Andrews,89,M.Andrews
2022,REG,2,Cooper Kupp,WR,LAR,6.418333333333333,3.282725943486167,8.604285714285716,44.237972824091074,11,14,78.57142857142857,108,2,3.994545454545454,3.626202816421157,0.36834263812429713,00-0033908,Cooper,Kupp,10,C.Kupp
2022,REG,2,Travis Kelce,TE,KC,6.41,3.4276342815943233,9.467142857142857,26.96533203125,5,7,71.42857142857143,51,0,4.712,4.02190127494381,0.6900987250561901,00-0030506,Travis,Kelce,87,T.Kelce
2022,REG,2,Ashton Dulin,WR,IND,6.2942857142857145,1.6826812997266696,13.207142857142857,30.201561530168892,5,7,71.42857142857143,79,0,2.579999999999999,2.488949319747462,0.09105068025253704,00-0035021,Ashton,Dulin,16,A.Dulin
2022,REG,2,Sterling Shepard,WR,NYG,6.269,2.8418836758089374,8.61,42.97050456655189,6,10,60,34,0,1.9733333333333338,2.9972452464470507,-1.0239119131137169,00-0032385,Sterling,Shepard,3,S.Shepard
2022,REG,2,Brandon Aiyuk,WR,SF,6.2524999999999995,2.472374201819852,10.286249999999999,46.891560772693595,5,8,62.5,63,0,5.468000000000002,6.843549020157843,-1.375549020157841,00-0036261,Brandon,Aiyuk,11,B.Aiyuk
2022,REG,2,Jaylen Waddle,WR,MIA,6.240526315789474,3.065377644511984,10.11578947368421,50.666947856803915,11,19,57.89473684210527,171,2,7.586363636363635,3.9744435847500084,3.6119200516136267,00-0036613,Jaylen,Waddle,17,J.Waddle
2022,REG,2,Scott Miller,WR,TB,6.1975,2.89602828305602,16.323749999999997,44.833150233452336,3,8,37.5,34,0,2.099999999999999,2.8255100288487633,-0.7255100288487641,00-0035298,Scott,Miller,10,S.Miller
2022,REG,2,Tyler Conklin,TE,NYJ,6.1675,4.969188686081046,5.0344444444444445,10.882670829830671,6,9,66.66666666666666,40,0,4.413333333333334,6.071368203669294,-1.6580348703359604,00-0034270,Tyler,Conklin,83,T.Conklin
2022,REG,2,Treylon Burks,WR,TEN,5.9433333333333325,3.1353522910888203,7.466666666666666,23.16921803889119,4,6,66.66666666666666,47,0,3.7525000000000013,4.920247666093573,-1.1677476660935717,00-0037742,Treylon,Burks,16,T.Burks
2022,REG,2,Marquise Brown,WR,ARI,5.911818181818182,3.1034959528437467,9.518181818181818,41.55916325963562,6,11,54.54545454545454,68,0,4.214999999999999,4.521397620051251,-0.3063976200512517,00-0035662,Marquise,Brown,2,M.Brown
2022,REG,2,CeeDee Lamb,WR,DAL,5.835454545454545,2.7820174330531997,9.203636363636365,56.07000443066017,7,11,63.63636363636363,75,0,3.684285714285714,4.243345584825582,-0.5590598705398682,00-0036358,Cedarian,Lamb,88,C.Lamb
2022,REG,2,Jakobi Meyers,WR,NE,5.79,2.8381068202066726,9.07076923076923,38.70798319327731,9,13,69.23076923076923,95,0,2.5855555555555543,2.660015816014897,-0.07446026045934273,00-0034960,Jakobi,Meyers,16,J.Meyers
2022,REG,2,Stefon Diggs,WR,BUF,5.764285714285714,3.1143736150024246,10.578571428571427,45.76920699672415,12,14,85.71428571428571,148,3,2.4050000000000007,2.471303315884048,-0.06630331588404736,00-0031588,Stefon,Diggs,14,S.Diggs
2022,REG,2,Robby Anderson,WR,CAR,5.648000000000001,4.063446952456886,8.694,20.233662260286724,3,5,60,32,0,3.3533333333333295,4.678904328750794,-1.3255709954174644,00-0032688,Robby,Anderson,3,R.Anderson
2022,REG,2,Dezmon Patmon,WR,IND,5.622,1.2262951673734932,16.888333333333335,33.102479500833034,2,6,33.33333333333333,24,0,3.979999999999997,3.0590499822587844,0.9209500177412124,00-0036228,Dezmon,Patmon,10,D.Patmon
2022,REG,2,Curtis Samuel,WR,WAS,5.589999999999999,5.762479574454171,6.102222222222223,13.378480426786195,7,9,77.77777777777779,78,1,5.628571428571428,5.179306385427172,0.44926504314425575,00-0033282,Curtis,Samuel,10,C.Samuel
2022,REG,2,Zach Ertz,TE,ARI,5.56375,3.1521397236132924,5.90090909090909,25.76509347834716,8,11,72.72727272727273,75,0,4.29,4.015117668878986,0.274882331121014,00-0030061,Zachary,Ertz,86,Z.Ertz
2022,REG,2,D.J. Moore,WR,CAR,5.543333333333333,2.3617637980198194,12.159999999999998,33.960156395457076,3,6,50,43,1,0.853333333333334,3.2191815282294556,-2.3658481948961216,00-0034827,Denniston,Moore,2,D.Moore
2022,REG,2,Deebo Samuel,WR,SF,5.5425,4.469815156102869,-0.15499999999999994,-0.5299447261952246,5,6,83.33333333333334,44,0,9.138,7.82968889982576,1.3083111001742402,00-0035719,Tyshun,Samuel,19,D.Samuel
2022,REG,2,Marvin Jones,WR,JAX,5.433999999999999,2.6236097774912364,13.773999999999997,35.04121298463417,3,5,60,33,0,1.4633333333333336,3.219445307032705,-1.7561119736993713,00-0029293,Marvin,Jones,11,M.Jones
2022,REG,2,Josh Palmer,WR,LAC,5.403333333333333,4.487512056415436,7.678749999999997,25.776267203759655,4,8,50,30,1,3.1700000000000017,3.7354673964198497,-0.565467396419848,00-0036988,Josh,Palmer,5,J.Palmer
2022,REG,2,Noah Brown,WR,DAL,5.340000000000001,1.917144220315152,15.718,43.52569782897652,5,5,100,91,1,3.8659999999999997,5.721026360934775,-1.855026360934775,00-0033591,Noah,Brown,85,N.Brown
2022,REG,2,Evan Engram,TE,JAX,5.32,2.8901962667994785,3.976249999999998,16.185000508802275,7,8,87.5,46,0,4.145714285714288,3.8565309519553597,0.289183333758928,00-0033881,Evan,Engram,17,E.Engram
2022,REG,2,Chase Claypool,WR,PIT,5.2700000000000005,2.1855625754446093,4.916666666666668,11.423039690222653,4,6,66.66666666666666,26,0,1.692499999999999,1.483372894287843,0.20912710571215598,00-0036326,Chase,Claypool,11,C.Claypool
2022,REG,2,Jarvis Landry,WR,NO,5.213333333333334,5.271688407996039,4.032000000000002,4.029501708940458,4,5,80,25,0,3.7474999999999996,4.325022694555855,-0.5775226945558556,00-0031382,Jarvis,Landry,5,J.Landry
2022,REG,2,A.J. Green,WR,ARI,5.20857142857143,2.9185818815031266,7.441428571428572,20.676378359068,3,7,42.857142857142854,16,0,3.2666666666666657,2.8106999272707376,0.45596673939592813,00-0027942,Adriel,Green,18,A.Green
2022,REG,2,Shi Smith,WR,CAR,5.1866666666666665,2.58309987982004,8.606666666666667,24.036492273319677,1,6,16.666666666666664,2,0,4.25,12.922938266347046,-8.672938266347046,00-0036572,Shiyun,Smith,12,S.Smith
2022,REG,2,Logan Thomas,TE,WAS,5.1450000000000005,4.334616923921956,11.742,14.301722247935494,3,5,60,37,1,4.126666666666665,2.851830541922709,1.2748361247439561,00-0031260,Logan,Thomas,82,L.Thomas
2022,REG,2,Pat Freiermuth,TE,PIT,5.032500000000001,3.0032097485266607,4.735714285714287,12.836398838334945,4,7,57.14285714285714,22,1,4.5874999999999995,5.621057249964451,-1.0335572499644519,00-0036894,Pat,Freiermuth,88,P.Freiermuth
2022,REG,2,Courtland Sutton,WR,DEN,4.968000000000001,2.893700973371278,12.392727272727273,51.03133305881031,7,11,63.63636363636363,122,0,2.4242857142857135,3.032660696090358,-0.6083749818046447,00-0034348,Courtland,Sutton,14,C.Sutton
2022,REG,2,Tee Higgins,WR,CIN,4.949,2.648959653069545,11.17,54.92992377673962,6,10,60,71,1,3.1650000000000005,5.130052372497734,-1.9650523724977336,00-0036410,Tamaurice,Higgins,85,T.Higgins
2022,REG,2,Allen Robinson,WR,LAR,4.866,2.7255419989692142,9.158000000000001,16.816011751744398,4,5,80,53,1,4.4449999999999985,4.450658983608491,-0.005658983608492818,00-0031428,Allen,Robinson,1,Al.Robinson
2022,REG,2,Amari Cooper,WR,CLE,4.851999999999999,2.98270162754065,11.389,65.95436645818855,9,10,90,101,1,1.3455555555555554,1.496204938964571,-0.15064938340901568,00-0031544,Amari,Cooper,2,A.Cooper
2022,REG,2,Juwan Johnson,TE,NO,4.795,1.878609086260576,9.817142857142857,13.735483999920051,4,7,57.14285714285714,40,0,1.3124999999999982,1.6258293628279006,-0.31332936282790236,00-0036040,Juwan,Johnson,83,J.Johnson
2022,REG,2,Dawson Knox,TE,BUF,4.745000000000001,3.0729714598255446,6.422,9.92335743865505,4,5,80,41,0,5.04,4.423989301385177,0.616010698614823,00-0035689,Dawson,Knox,88,D.Knox
2022,REG,2,Nelson Agholor,WR,NE,4.6933333333333325,3.196458208176606,11.408333333333337,22.469143907563033,6,6,100,110,1,6.924999999999998,4.1954557129197765,2.7295442870802216,00-0031549,Nelson,Agholor,15,N.Agholor
2022,REG,2,Irv Smith,TE,MIN,4.41,4.147490279962507,7.257499999999999,22.393643691904188,5,8,62.5,36,1,3.656,2.982674443679616,0.6733255563203842,00-0034970,Irvin,Smith,84,I.Smith
2022,REG,2,Diontae Johnson,WR,PIT,4.381,2.742792480196697,10.192,39.46563407550822,6,10,60,57,0,0.64,1.2459707750625382,-0.6059707750625382,00-0035216,Diontae,Johnson,18,D.Johnson
2022,REG,2,Terry McLaurin,WR,WAS,4.34,1.7370557036226846,13.251249999999999,25.82397505541887,4,8,50,75,0,6.459999999999998,4.82008250021984,1.6399174997801582,00-0035659,Terry,McLaurin,17,T.McLaurin
2022,REG,2,Gerald Everett,TE,LAC,4.264,3.0154325006449167,3.685000000000001,15.462403491104409,6,10,60,71,0,8.169999999999998,5.297865329281346,2.872134670718652,00-0033895,Gerald,Everett,7,G.Everett
2022,REG,2,Ja'Marr Chase,WR,CIN,3.9637499999999997,3.442120644853046,6.723333333333333,29.756577329727072,5,9,55.55555555555556,54,0,6.166000000000002,4.400174864166547,1.7658251358334551,00-0036900,Ja'Marr,Chase,1,J.Chase
2022,REG,2,Jahan Dotson,WR,WAS,3.772,4.680768201951332,17.704,21.563421110326182,4,5,80,59,1,2.857499999999998,1.4423981426352839,1.4151018573647143,00-0037741,Jahan,Dotson,1,J.Dotson
2022,REG,2,Michael Thomas,WR,NO,3.3644444444444446,2.016159314105472,11.339999999999998,20.399352401511063,6,9,66.66666666666666,65,1,1.3150000000000006,0.7986061741897098,0.5163938258102908,00-0032765,Michael,Thomas,13,M.Thomas
2022,REG,2,Mike Williams,WR,LAC,3.1639999999999997,1.3647193941153335,13.588999999999999,57.01997314535081,8,10,80,113,1,1.17,1.2126057426673214,-0.04260574266732142,00-0033536,Michael,Williams,81,M.Williams
2022,REG,2,David Njoku,TE,CLE,2.7175000000000002,2.6036576749877,3.9400000000000004,11.408385452860784,3,5,60,32,0,9.049999999999999,7.110262348879208,1.939737651120791,00-0033885,David,Njoku,85,D.Njoku
2022,REG,2,Breshad Perriman,WR,TB,2.675,2.1670000582252587,12.374,21.24073056852513,3,5,60,45,1,4.726666666666667,5.715027716901773,-0.9883610502351061,00-0032054,Breshad,Perriman,16,B.Perriman
